"","Sample","Marker","A1.AFG1","A2.AFG1","A1.AFG5","A2.AFG5","A1.AFG11","A2.AFG11","A1.AFG16","A2.AFG16","A1.AFG17","A2.AFG17","A1.AFG19","A2.AFG19","A1.AFG22","A2.AFG22","A1.AFG23","A2.AFG23","A1.AFG24","A2.AFG24","A1.AFG34","A2.AFG34","A1.AFG35","A2.AFG35","error","numgenos","A1consens","A2consens"
"184","APCL125","ACH_D1",NA,NA,NA,NA,NA,NA,NA,NA,NA,NA,NA,NA,334,334,NA,NA,NA,NA,330,334,NA,NA,TRUE,2,NA,NA
"534","APCL166","ACH_B9",NA,NA,NA,NA,NA,NA,NA,NA,NA,NA,NA,NA,NA,NA,279,313,NA,NA,313,313,NA,NA,TRUE,2,NA,NA
"630","APCL182","ACH_B9",NA,NA,NA,NA,NA,NA,NA,NA,NA,NA,NA,NA,NA,NA,313,365,NA,NA,313,313,NA,NA,TRUE,2,NA,NA
"732","APCL194","APY_45",NA,NA,NA,NA,NA,NA,214,230,214,228,NA,NA,NA,NA,NA,NA,NA,NA,NA,NA,NA,NA,TRUE,2,NA,NA
"1180","APCL242","APY_45",NA,NA,NA,NA,NA,NA,218,226,218,224,NA,NA,NA,NA,NA,NA,NA,NA,NA,NA,NA,NA,TRUE,2,NA,NA
"1642","APCL274","APR_Cf42",NA,NA,NA,NA,NA,NA,NA,NA,NA,NA,NA,NA,333,500,NA,NA,NA,NA,NA,NA,333,333,TRUE,2,NA,NA
"1708","APCL280","APY_45",NA,NA,NA,NA,NA,NA,214,226,214,224,NA,NA,NA,NA,NA,NA,NA,NA,NA,NA,NA,NA,TRUE,2,NA,NA
"1962","APCL296","APR_Cf42",NA,NA,NA,NA,NA,NA,NA,NA,NA,NA,NA,NA,500,500,NA,NA,NA,NA,NA,NA,501,501,TRUE,2,NA,NA
"3402","APCL406","APR_Cf42",NA,NA,NA,NA,NA,NA,NA,NA,NA,NA,NA,NA,389,509,NA,NA,NA,NA,NA,NA,389,389,TRUE,2,NA,NA
"4268","APCL469","APY_45",NA,NA,NA,NA,NA,NA,224,226,222,224,NA,NA,NA,NA,NA,NA,NA,NA,NA,NA,NA,NA,TRUE,2,NA,NA
"4269","APCL469","APY_65",NA,NA,248,258,258,258,258,258,NA,NA,NA,NA,NA,NA,NA,NA,NA,NA,NA,NA,NA,NA,TRUE,3,NA,NA
"5370","APCL534","APR_Cf42",NA,NA,NA,NA,NA,NA,NA,NA,NA,NA,NA,NA,433,439,NA,NA,NA,NA,NA,NA,439,439,TRUE,2,NA,NA
"6010","APCL94","APR_Cf42",NA,NA,NA,NA,NA,NA,NA,NA,NA,NA,NA,NA,NA,NA,NA,NA,NA,NA,431,452,431,451,TRUE,2,NA,NA
